{
  "company_name": "HDFC Bank Ltd",
  "screener_url": "https://www.screener.in/company/HDFCBANK/",
  "ratios": {},
  "revenue": {
    "Mar 2023": "161586",
    "Mar 2024": "258341",
    "TTM": "294530"
  },
  "net_profit": {
    "Mar 2023": "44109",
    "Mar 2024": "60812",
    "TTM": "66243"
  },
  "executive_summary": "GPT error: \n\nYou tried to access openai.ChatCompletion, but this is no longer supported in openai>=1.0.0 - see the README at https://github.com/openai/openai-python for the API.\n\nYou can run `openai migrate` to automatically upgrade your codebase to use the 1.0.0 interface. \n\nAlternatively, you can pin your installation to the old version, e.g. `pip install openai==0.28`\n\nA detailed migration guide is available here: https://github.com/openai/openai-python/discussions/742\n",
  "growth_drivers": "GPT error: \n\nYou tried to access openai.ChatCompletion, but this is no longer supported in openai>=1.0.0 - see the README at https://github.com/openai/openai-python for the API.\n\nYou can run `openai migrate` to automatically upgrade your codebase to use the 1.0.0 interface. \n\nAlternatively, you can pin your installation to the old version, e.g. `pip install openai==0.28`\n\nA detailed migration guide is available here: https://github.com/openai/openai-python/discussions/742\n",
  "valuation_comment": "GPT error: \n\nYou tried to access openai.ChatCompletion, but this is no longer supported in openai>=1.0.0 - see the README at https://github.com/openai/openai-python for the API.\n\nYou can run `openai migrate` to automatically upgrade your codebase to use the 1.0.0 interface. \n\nAlternatively, you can pin your installation to the old version, e.g. `pip install openai==0.28`\n\nA detailed migration guide is available here: https://github.com/openai/openai-python/discussions/742\n",
  "risk_factors": "GPT error: \n\nYou tried to access openai.ChatCompletion, but this is no longer supported in openai>=1.0.0 - see the README at https://github.com/openai/openai-python for the API.\n\nYou can run `openai migrate` to automatically upgrade your codebase to use the 1.0.0 interface. \n\nAlternatively, you can pin your installation to the old version, e.g. `pip install openai==0.28`\n\nA detailed migration guide is available here: https://github.com/openai/openai-python/discussions/742\n"
}