{
  "company_name": "Adani Power Ltd",
  "screener_url": "https://www.screener.in/company/ADANIPOWER/",
  "ratios": {
    "ROCE": "11.3%",
    "P/E": "7.5",
    "Debt to equity": "1.8",
    "Promoter holding": "74.97%"
  },
  "revenue": {
    "2021": "26,221",
    "2022": "31,686",
    "2023": "38,468"
  },
  "net_profit": {
    "2021": "1,270",
    "2022": "4,911",
    "2023": "10,727"
  },
  "executive_summary": "Adani Power Ltd is a leading thermal power producer...",
  "growth_drivers": "Capacity expansion, demand in industrial power, strategic acquisitions",
  "valuation_comment": "Valuation appears attractive given the P/E of 7.5 and strong profit growth.",
  "risk_factors": "High leverage, regulatory risks, and fuel supply volatility."
}