{
  "company_name": "Tata Motors Ltd",
  "screener_url": "https://www.screener.in/company/TATAMOTORS/",
  "ratios": {},
  "revenue": {
    "Mar 2023": "65757",
    "Mar 2024": "73303",
    "TTM": "69681"
  },
  "net_profit": {
    "Mar 2023": "2728",
    "Mar 2024": "7902",
    "TTM": "6197"
  },
  "executive_summary": "GPT Error: \n\nYou tried to access openai.ChatCompletion, but this is no longer supported in openai>=1.0.0 - see the README at https://github.com/openai/openai-python for the API.\n\nYou can run `openai migrate` to automatically upgrade your codebase to use the 1.0.0 interface. \n\nAlternatively, you can pin your installation to the old version, e.g. `pip install openai==0.28`\n\nA detailed migration guide is available here: https://github.com/openai/openai-python/discussions/742\n",
  "growth_drivers": "GPT Error: \n\nYou tried to access openai.ChatCompletion, but this is no longer supported in openai>=1.0.0 - see the README at https://github.com/openai/openai-python for the API.\n\nYou can run `openai migrate` to automatically upgrade your codebase to use the 1.0.0 interface. \n\nAlternatively, you can pin your installation to the old version, e.g. `pip install openai==0.28`\n\nA detailed migration guide is available here: https://github.com/openai/openai-python/discussions/742\n",
  "valuation_comment": "GPT Error: \n\nYou tried to access openai.ChatCompletion, but this is no longer supported in openai>=1.0.0 - see the README at https://github.com/openai/openai-python for the API.\n\nYou can run `openai migrate` to automatically upgrade your codebase to use the 1.0.0 interface. \n\nAlternatively, you can pin your installation to the old version, e.g. `pip install openai==0.28`\n\nA detailed migration guide is available here: https://github.com/openai/openai-python/discussions/742\n",
  "risk_factors": "GPT Error: \n\nYou tried to access openai.ChatCompletion, but this is no longer supported in openai>=1.0.0 - see the README at https://github.com/openai/openai-python for the API.\n\nYou can run `openai migrate` to automatically upgrade your codebase to use the 1.0.0 interface. \n\nAlternatively, you can pin your installation to the old version, e.g. `pip install openai==0.28`\n\nA detailed migration guide is available here: https://github.com/openai/openai-python/discussions/742\n"
}